image_id,name,video_source,group_source
1,frame_00001.jpg,UVA1,UAV
2,frame_00002.jpg,UVA1,UAV
3,frame_00003.jpg,UVA1,UAV
4,frame_00004.jpg,UVA1,UAV
5,frame_00005.jpg,UVA1,UAV
6,frame_00006.jpg,UVA1,UAV
7,frame_00007.jpg,UVA1,UAV
8,frame_00008.jpg,UVA1,UAV
9,frame_00009.jpg,UVA1,UAV
10,frame_00010.jpg,UVA1,UAV
11,frame_00011.jpg,UVA1,UAV
12,frame_00012.jpg,UVA1,UAV
13,frame_00013.jpg,UVA1,UAV
14,frame_00014.jpg,UVA1,UAV
15,frame_00015.jpg,UVA1,UAV
16,frame_00016.jpg,UVA1,UAV
17,frame_00017.jpg,UVA1,UAV
18,frame_00018.jpg,UVA1,UAV
19,frame_00019.jpg,UVA1,UAV
20,frame_00020.jpg,UVA1,UAV
21,frame_00021.jpg,UVA1,UAV
22,frame_00022.jpg,UVA1,UAV
23,frame_00023.jpg,UVA1,UAV
24,frame_00024.jpg,UVA1,UAV
25,frame_00025.jpg,UVA1,UAV
26,frame_00026.jpg,UVA1,UAV
27,frame_00027.jpg,UVA1,UAV
28,frame_00028.jpg,UVA1,UAV
29,frame_00029.jpg,UVA1,UAV
30,frame_00030.jpg,UVA1,UAV
31,frame_00031.jpg,UVA1,UAV
32,frame_00032.jpg,UVA1,UAV
33,frame_00033.jpg,UVA1,UAV
34,frame_00034.jpg,UVA1,UAV
35,frame_00035.jpg,UVA1,UAV
36,frame_00036.jpg,UVA1,UAV
37,frame_00037.jpg,UVA1,UAV
38,frame_00038.jpg,UVA1,UAV
39,frame_00039.jpg,UVA1,UAV
40,frame_00040.jpg,UVA1,UAV
41,frame_00041.jpg,UVA1,UAV
42,frame_00042.jpg,UVA1,UAV
43,frame_00043.jpg,UVA1,UAV
44,frame_00044.jpg,UVA1,UAV
45,frame_00045.jpg,UVA1,UAV
46,frame_00046.jpg,UVA1,UAV
47,frame_00047.jpg,UVA1,UAV
48,frame_00048.jpg,UVA1,UAV
49,frame_00049.jpg,UVA1,UAV
50,frame_00050.jpg,UVA1,UAV
51,frame_00051.jpg,UVA1,UAV
52,frame_00052.jpg,UVA1,UAV
53,frame_00053.jpg,UVA1,UAV
54,frame_00054.jpg,UVA1,UAV
55,frame_00055.jpg,UVA1,UAV
56,frame_00056.jpg,UVA1,UAV
57,frame_00057.jpg,UVA1,UAV
58,frame_00058.jpg,UVA1,UAV
59,frame_00059.jpg,UVA1,UAV
60,frame_00060.jpg,UVA1,UAV
61,frame_00061.jpg,UVA1,UAV
62,frame_00062.jpg,UVA1,UAV
63,frame_00063.jpg,UVA1,UAV
64,frame_00064.jpg,UVA1,UAV
65,frame_00065.jpg,UVA1,UAV
66,frame_00066.jpg,UVA1,UAV
67,frame_00067.jpg,UVA1,UAV
68,frame_00068.jpg,UVA1,UAV
69,frame_00069.jpg,UVA1,UAV
70,frame_00070.jpg,UVA1,UAV
71,frame_00071.jpg,UVA1,UAV
72,frame_00072.jpg,UVA1,UAV
73,frame_00073.jpg,UVA1,UAV
74,frame_00074.jpg,UVA1,UAV
75,frame_00075.jpg,UVA1,UAV
76,frame_00076.jpg,UVA1,UAV
77,frame_00077.jpg,UVA1,UAV
78,frame_00078.jpg,UVA1,UAV
79,frame_00079.jpg,UVA1,UAV
80,frame_00080.jpg,UVA1,UAV
81,frame_00081.jpg,UVA1,UAV
82,frame_00082.jpg,UVA1,UAV
83,frame_00083.jpg,UVA1,UAV
84,frame_00084.jpg,UVA1,UAV
85,frame_00085.jpg,UVA1,UAV
86,frame_00086.jpg,UVA1,UAV
87,frame_00087.jpg,UVA1,UAV
88,frame_00088.jpg,UVA1,UAV
89,frame_00089.jpg,UVA1,UAV
90,frame_00090.jpg,UVA1,UAV
91,frame_00091.jpg,UVA1,UAV
92,frame_00092.jpg,UVA1,UAV
93,frame_00093.jpg,UVA1,UAV
94,frame_00094.jpg,UVA1,UAV
95,frame_00095.jpg,UVA1,UAV
96,frame_00096.jpg,UVA1,UAV
97,frame_00097.jpg,UVA1,UAV
98,frame_00098.jpg,UVA1,UAV
99,frame_00099.jpg,UVA1,UAV
100,frame_00100.jpg,UVA1,UAV
101,frame_00101.jpg,UVA1,UAV
102,frame_00102.jpg,UVA1,UAV
103,frame_00103.jpg,UVA1,UAV
104,frame_00104.jpg,UVA1,UAV
105,frame_00105.jpg,UVA1,UAV
106,frame_00106.jpg,UVA2,UAV
107,frame_00107.jpg,UVA2,UAV
108,frame_00108.jpg,UVA2,UAV
109,frame_00109.jpg,UVA2,UAV
110,frame_00110.jpg,UVA2,UAV
111,frame_00111.jpg,UVA2,UAV
112,frame_00112.jpg,UVA2,UAV
113,frame_00113.jpg,UVA2,UAV
114,frame_00114.jpg,UVA2,UAV
115,frame_00115.jpg,UVA2,UAV
116,frame_00116.jpg,UVA2,UAV
117,frame_00117.jpg,UVA2,UAV
118,frame_00118.jpg,UVA2,UAV
119,frame_00119.jpg,UVA2,UAV
120,frame_00120.jpg,UVA2,UAV
121,frame_00121.jpg,UVA2,UAV
122,frame_00122.jpg,UVA2,UAV
123,frame_00123.jpg,UVA2,UAV
124,frame_00124.jpg,UVA2,UAV
125,frame_00125.jpg,UVA2,UAV
126,frame_00126.jpg,UVA2,UAV
127,frame_00127.jpg,UVA2,UAV
128,frame_00128.jpg,UVA2,UAV
129,frame_00129.jpg,UVA2,UAV
130,frame_00130.jpg,UVA2,UAV
131,frame_00131.jpg,UVA2,UAV
132,frame_00132.jpg,UVA2,UAV
133,frame_00133.jpg,UVA2,UAV
134,frame_00134.jpg,UVA2,UAV
135,frame_00135.jpg,UVA2,UAV
136,frame_00136.jpg,UVA2,UAV
137,frame_00137.jpg,UVA2,UAV
138,frame_00138.jpg,UVA2,UAV
139,frame_00139.jpg,UVA2,UAV
140,frame_00140.jpg,UVA2,UAV
141,frame_00141.jpg,UVA2,UAV
142,frame_00142.jpg,UVA2,UAV
143,frame_00143.jpg,UVA2,UAV
144,frame_00144.jpg,UVA2,UAV
145,frame_00145.jpg,UVA2,UAV
146,frame_00146.jpg,UVA2,UAV
147,frame_00147.jpg,UVA2,UAV
148,frame_00148.jpg,UVA2,UAV
149,frame_00149.jpg,UVA2,UAV
150,frame_00150.jpg,UVA2,UAV
151,frame_00151.jpg,UVA2,UAV
152,frame_00152.jpg,UVA2,UAV
153,frame_00153.jpg,UVA2,UAV
154,frame_00154.jpg,UVA2,UAV
155,frame_00155.jpg,UVA2,UAV
156,frame_00156.jpg,UVA2,UAV
157,frame_00157.jpg,UVA2,UAV
158,frame_00158.jpg,UVA2,UAV
159,frame_00159.jpg,UVA2,UAV
160,frame_00160.jpg,UVA2,UAV
161,frame_00161.jpg,UVA2,UAV
162,frame_00162.jpg,UVA2,UAV
163,frame_00163.jpg,UVA2,UAV
164,frame_00164.jpg,UVA2,UAV
165,frame_00165.jpg,UVA2,UAV
166,frame_00166.jpg,UVA2,UAV
167,frame_00167.jpg,UVA2,UAV
168,frame_00168.jpg,UVA2,UAV
169,frame_00169.jpg,UVA2,UAV
170,frame_00170.jpg,UVA2,UAV
171,frame_00171.jpg,UVA2,UAV
172,frame_00172.jpg,UVA2,UAV
173,frame_00173.jpg,UVA2,UAV
174,frame_00174.jpg,UVA2,UAV
175,frame_00175.jpg,UVA2,UAV
176,frame_00176.jpg,UVA2,UAV
177,frame_00177.jpg,UVA2,UAV
178,frame_00178.jpg,UVA2,UAV
179,frame_00179.jpg,UVA2,UAV
180,frame_00180.jpg,UVA2,UAV
181,frame_00181.jpg,UVA2,UAV
182,frame_00182.jpg,UVA2,UAV
183,frame_00183.jpg,UVA2,UAV
184,frame_00184.jpg,UVA2,UAV
185,frame_00185.jpg,UVA2,UAV
186,frame_00186.jpg,UVA2,UAV
187,frame_00187.jpg,UVA2,UAV
188,frame_00188.jpg,UVA2,UAV
189,frame_00189.jpg,UVA2,UAV
190,frame_00190.jpg,UVA2,UAV
191,frame_00191.jpg,UVA2,UAV
192,frame_00192.jpg,UVA2,UAV
193,frame_00193.jpg,UVA2,UAV
194,frame_00194.jpg,UVA2,UAV
195,frame_00195.jpg,UVA2,UAV
196,frame_00196.jpg,UVA2,UAV
197,frame_00197.jpg,UVA2,UAV
198,frame_00198.jpg,UVA2,UAV
199,frame_00199.jpg,UVA2,UAV
200,frame_00200.jpg,UVA2,UAV
201,frame_00201.jpg,UVA2,UAV
202,frame_00202.jpg,UVA2,UAV
203,frame_00203.jpg,UVA2,UAV
204,frame_00204.jpg,UVA2,UAV
205,frame_00205.jpg,UVA2,UAV
206,frame_00206.jpg,UVA2,UAV
207,frame_00207.jpg,UVA2,UAV
208,frame_00208.jpg,UVA2,UAV
209,frame_00209.jpg,UVA2,UAV
210,frame_00210.jpg,UVA2,UAV
211,frame_00211.jpg,UVA2,UAV
212,frame_00212.jpg,UVA2,UAV
213,frame_00213.jpg,UVA2,UAV
214,frame_00214.jpg,UVA2,UAV
215,frame_00215.jpg,UVA2,UAV
216,frame_00216.jpg,UVA2,UAV
217,frame_00217.jpg,UVA2,UAV
218,frame_00218.jpg,UVA2,UAV
219,frame_00219.jpg,UVA2,UAV
220,frame_00220.jpg,UVA2,UAV
221,frame_00221.jpg,UVA2,UAV
222,frame_00222.jpg,UVA2,UAV
223,frame_00223.jpg,UVA2,UAV
224,frame_00224.jpg,UVA2,UAV
225,frame_00225.jpg,UVA2,UAV
226,frame_00226.jpg,UVA2,UAV
227,frame_00227.jpg,UVA2,UAV
228,frame_00228.jpg,UVA2,UAV
229,frame_00229.jpg,UVA2,UAV
230,frame_00230.jpg,UVA2,UAV
231,frame_00231.jpg,UVA2,UAV
232,frame_00232.jpg,UVA2,UAV
233,frame_00233.jpg,UVA2,UAV
234,frame_00234.jpg,UVA2,UAV
235,frame_00235.jpg,UVA2,UAV
236,frame_00236.jpg,UVA2,UAV
237,frame_00237.jpg,UVA2,UAV
238,frame_00238.jpg,UVA2,UAV
239,frame_00239.jpg,UVA2,UAV
240,frame_00240.jpg,UVA2,UAV
241,frame_00241.jpg,UVA2,UAV
242,frame_00242.jpg,UVA2,UAV
243,frame_00243.jpg,UVA2,UAV
244,frame_00244.jpg,UVA2,UAV
245,frame_00245.jpg,UVA2,UAV
246,frame_00246.jpg,UVA2,UAV
247,frame_00247.jpg,UVA2,UAV
248,frame_00248.jpg,UVA2,UAV
249,frame_00249.jpg,UVA2,UAV
250,frame_00250.jpg,UVA2,UAV
251,frame_00251.jpg,UVA2,UAV
252,frame_00252.jpg,UVA2,UAV
253,frame_00253.jpg,UVA2,UAV
254,frame_00254.jpg,UVA2,UAV
255,frame_00255.jpg,UVA2,UAV
256,frame_00256.jpg,UVA2,UAV
257,frame_00257.jpg,UVA2,UAV
258,frame_00258.jpg,UVA2,UAV
259,frame_00259.jpg,UVA2,UAV
260,frame_00260.jpg,UVA2,UAV
261,frame_00261.jpg,UVA2,UAV
262,frame_00262.jpg,UVA2,UAV
263,frame_00263.jpg,UVA2,UAV
264,frame_00264.jpg,UVA2,UAV
265,frame_00265.jpg,UVA2,UAV
266,frame_00266.jpg,UVA2,UAV
267,frame_00267.jpg,UVA2,UAV
268,frame_00268.jpg,UVA2,UAV
269,frame_00269.jpg,UVA2,UAV
270,frame_00270.jpg,UVA2,UAV
271,frame_00271.jpg,UVA2,UAV
272,frame_00272.jpg,UVA2,UAV
273,frame_00273.jpg,UVA2,UAV
274,frame_00274.jpg,UVA2,UAV
275,frame_00275.jpg,UVA2,UAV
276,frame_00276.jpg,UVA2,UAV
277,frame_00277.jpg,UVA2,UAV
278,frame_00278.jpg,UVA2,UAV
279,frame_00279.jpg,UVA2,UAV
280,frame_00280.jpg,UVA2,UAV
281,frame_00281.jpg,UVA2,UAV
282,frame_00282.jpg,UVA2,UAV
283,frame_00283.jpg,UVA2,UAV
284,frame_00284.jpg,UVA2,UAV
285,frame_00285.jpg,UVA2,UAV
286,frame_00286.jpg,UVA2,UAV
287,frame_00287.jpg,UVA2,UAV
288,frame_00288.jpg,UVA2,UAV
289,frame_00289.jpg,UVA2,UAV
290,frame_00290.jpg,UVA2,UAV
291,frame_00291.jpg,UVA2,UAV
292,frame_00292.jpg,UVA2,UAV
293,frame_00293.jpg,UVA2,UAV
294,frame_00294.jpg,UVA2,UAV
295,frame_00295.jpg,UVA2,UAV
296,frame_00296.jpg,UVA2,UAV
297,frame_00297.jpg,UVA2,UAV
298,frame_00298.jpg,UVA2,UAV
299,frame_00299.jpg,UVA2,UAV
300,frame_00300.jpg,UVA2,UAV
301,frame_00301.jpg,UVA2,UAV
302,frame_00302.jpg,UVA2,UAV
303,frame_00303.jpg,UVA2,UAV
304,frame_00304.jpg,UVA2,UAV
305,frame_00305.jpg,UVA2,UAV
306,frame_00306.jpg,UVA2,UAV
307,frame_00307.jpg,UVA2,UAV
308,frame_00308.jpg,UVA2,UAV
309,frame_00309.jpg,UVA2,UAV
310,frame_00310.jpg,UVA2,UAV
311,frame_00311.jpg,UVA2,UAV
312,frame_00312.jpg,UVA2,UAV
313,frame_00313.jpg,UVA2,UAV
314,frame_00314.jpg,UVA2,UAV
315,frame_00315.jpg,UVA2,UAV
316,frame_00316.jpg,UVA2,UAV
317,frame_00317.jpg,UVA2,UAV
318,frame_00318.jpg,UVA2,UAV
319,frame_00319.jpg,UVA2,UAV
320,frame_00320.jpg,UVA2,UAV
321,frame_00321.jpg,UVA2,UAV
322,frame_00322.jpg,UVA2,UAV
323,frame_00323.jpg,UVA2,UAV
324,frame_00324.jpg,UVA2,UAV
325,frame_00325.jpg,UVA2,UAV
326,frame_00326.jpg,UVA2,UAV
327,frame_00327.jpg,UVA2,UAV
328,frame_00328.jpg,UVA2,UAV
329,frame_00329.jpg,UVA2,UAV
330,frame_00330.jpg,UVA2,UAV
331,frame_00331.jpg,UVA2,UAV
332,frame_00332.jpg,PHONE,PHONE
333,frame_00333.jpg,PHONE,PHONE
334,frame_00334.jpg,PHONE,PHONE
335,frame_00335.jpg,PHONE,PHONE
336,frame_00336.jpg,PHONE,PHONE
337,frame_00337.jpg,PHONE,PHONE
338,frame_00338.jpg,PHONE,PHONE
339,frame_00339.jpg,PHONE,PHONE
340,frame_00340.jpg,PHONE,PHONE
341,frame_00341.jpg,PHONE,PHONE
342,frame_00342.jpg,PHONE,PHONE
343,frame_00343.jpg,PHONE,PHONE
344,frame_00344.jpg,PHONE,PHONE
345,frame_00345.jpg,PHONE,PHONE
346,frame_00346.jpg,PHONE,PHONE
347,frame_00347.jpg,PHONE,PHONE
348,frame_00348.jpg,PHONE,PHONE
349,frame_00349.jpg,PHONE,PHONE
350,frame_00350.jpg,PHONE,PHONE
351,frame_00351.jpg,PHONE,PHONE
352,frame_00352.jpg,PHONE,PHONE
353,frame_00353.jpg,PHONE,PHONE
354,frame_00354.jpg,PHONE,PHONE
355,frame_00355.jpg,PHONE,PHONE
356,frame_00356.jpg,PHONE,PHONE
357,frame_00357.jpg,PHONE,PHONE
358,frame_00358.jpg,PHONE,PHONE
359,frame_00359.jpg,PHONE,PHONE
360,frame_00360.jpg,PHONE,PHONE
361,frame_00361.jpg,PHONE,PHONE
362,frame_00362.jpg,PHONE,PHONE
363,frame_00363.jpg,PHONE,PHONE
364,frame_00364.jpg,PHONE,PHONE
365,frame_00365.jpg,PHONE,PHONE
366,frame_00366.jpg,PHONE,PHONE
367,frame_00367.jpg,PHONE,PHONE
368,frame_00368.jpg,PHONE,PHONE
369,frame_00369.jpg,PHONE,PHONE
370,frame_00370.jpg,PHONE,PHONE
371,frame_00371.jpg,PHONE,PHONE
372,frame_00372.jpg,PHONE,PHONE
373,frame_00373.jpg,PHONE,PHONE
374,frame_00374.jpg,PHONE,PHONE
375,frame_00375.jpg,PHONE,PHONE
376,frame_00376.jpg,PHONE,PHONE
377,frame_00377.jpg,PHONE,PHONE
378,frame_00378.jpg,PHONE,PHONE
379,frame_00379.jpg,PHONE,PHONE
380,frame_00380.jpg,PHONE,PHONE
381,frame_00381.jpg,PHONE,PHONE
382,frame_00382.jpg,PHONE,PHONE
383,frame_00383.jpg,PHONE,PHONE
384,frame_00384.jpg,PHONE,PHONE
385,frame_00385.jpg,PHONE,PHONE
386,frame_00386.jpg,PHONE,PHONE
387,frame_00387.jpg,PHONE,PHONE
388,frame_00388.jpg,PHONE,PHONE
389,frame_00389.jpg,PHONE,PHONE
390,frame_00390.jpg,PHONE,PHONE
391,frame_00391.jpg,PHONE,PHONE
392,frame_00392.jpg,PHONE,PHONE
393,frame_00393.jpg,PHONE,PHONE
394,frame_00394.jpg,PHONE,PHONE
395,frame_00395.jpg,PHONE,PHONE
396,frame_00396.jpg,PHONE,PHONE
397,frame_00397.jpg,PHONE,PHONE
398,frame_00398.jpg,PHONE,PHONE
399,frame_00399.jpg,PHONE,PHONE
400,frame_00400.jpg,PHONE,PHONE
401,frame_00401.jpg,PHONE,PHONE
402,frame_00402.jpg,PHONE,PHONE
403,frame_00403.jpg,PHONE,PHONE
404,frame_00404.jpg,PHONE,PHONE
405,frame_00405.jpg,PHONE,PHONE
406,frame_00406.jpg,PHONE,PHONE
407,frame_00407.jpg,PHONE,PHONE
408,frame_00408.jpg,PHONE,PHONE
409,frame_00409.jpg,PHONE,PHONE
410,frame_00410.jpg,PHONE,PHONE
411,frame_00411.jpg,PHONE,PHONE
412,frame_00412.jpg,PHONE,PHONE
413,frame_00413.jpg,PHONE,PHONE
414,frame_00414.jpg,PHONE,PHONE
415,frame_00415.jpg,PHONE,PHONE
416,frame_00416.jpg,PHONE,PHONE
417,frame_00417.jpg,PHONE,PHONE
418,frame_00418.jpg,PHONE,PHONE
419,frame_00419.jpg,PHONE,PHONE
420,frame_00420.jpg,PHONE,PHONE
421,frame_00421.jpg,PHONE,PHONE
422,frame_00422.jpg,PHONE,PHONE
423,frame_00423.jpg,PHONE,PHONE
424,frame_00424.jpg,PHONE,PHONE
425,frame_00425.jpg,PHONE,PHONE
426,frame_00426.jpg,PHONE,PHONE
427,frame_00427.jpg,PHONE,PHONE
428,frame_00428.jpg,PHONE,PHONE
429,frame_00429.jpg,PHONE,PHONE
430,frame_00430.jpg,PHONE,PHONE
431,frame_00431.jpg,PHONE,PHONE
432,frame_00432.jpg,PHONE,PHONE
433,frame_00433.jpg,PHONE,PHONE
434,frame_00434.jpg,PHONE,PHONE
435,frame_00435.jpg,PHONE,PHONE
436,frame_00436.jpg,PHONE,PHONE
437,frame_00437.jpg,PHONE,PHONE
438,frame_00438.jpg,PHONE,PHONE
439,frame_00439.jpg,PHONE,PHONE
440,frame_00440.jpg,PHONE,PHONE
441,frame_00441.jpg,PHONE,PHONE
442,frame_00442.jpg,PHONE,PHONE
443,frame_00443.jpg,PHONE,PHONE
444,frame_00444.jpg,PHONE,PHONE
445,frame_00445.jpg,PHONE,PHONE
446,frame_00446.jpg,PHONE,PHONE
447,frame_00447.jpg,PHONE,PHONE
448,frame_00448.jpg,PHONE,PHONE
449,frame_00449.jpg,PHONE,PHONE
450,frame_00450.jpg,PHONE,PHONE
451,frame_00451.jpg,PHONE,PHONE
452,frame_00452.jpg,PHONE,PHONE
453,frame_00453.jpg,PHONE,PHONE
454,frame_00454.jpg,PHONE,PHONE
455,frame_00455.jpg,PHONE,PHONE
456,frame_00456.jpg,PHONE,PHONE
457,frame_00457.jpg,PHONE,PHONE
458,frame_00458.jpg,PHONE,PHONE
459,frame_00459.jpg,PHONE,PHONE
460,frame_00460.jpg,PHONE,PHONE
461,frame_00461.jpg,PHONE,PHONE
462,frame_00462.jpg,PHONE,PHONE
463,frame_00463.jpg,PHONE,PHONE
464,frame_00464.jpg,PHONE,PHONE
465,frame_00465.jpg,PHONE,PHONE
466,frame_00466.jpg,PHONE,PHONE
467,frame_00467.jpg,PHONE,PHONE
468,frame_00468.jpg,PHONE,PHONE
469,frame_00469.jpg,PHONE,PHONE
470,frame_00470.jpg,PHONE,PHONE
471,frame_00471.jpg,PHONE,PHONE
472,frame_00472.jpg,PHONE,PHONE
473,frame_00473.jpg,PHONE,PHONE
474,frame_00474.jpg,PHONE,PHONE
475,frame_00475.jpg,PHONE,PHONE
476,frame_00476.jpg,PHONE,PHONE
477,frame_00477.jpg,PHONE,PHONE
478,frame_00478.jpg,PHONE,PHONE
479,frame_00479.jpg,PHONE,PHONE
480,frame_00480.jpg,PHONE,PHONE
481,frame_00481.jpg,PHONE,PHONE
482,frame_00482.jpg,PHONE,PHONE
483,frame_00483.jpg,PHONE,PHONE
484,frame_00484.jpg,PHONE,PHONE
485,frame_00485.jpg,PHONE,PHONE
486,frame_00486.jpg,PHONE,PHONE
487,frame_00487.jpg,PHONE,PHONE
488,frame_00488.jpg,PHONE,PHONE
489,frame_00489.jpg,PHONE,PHONE
490,frame_00490.jpg,PHONE,PHONE
491,frame_00491.jpg,PHONE,PHONE
492,frame_00492.jpg,PHONE,PHONE
493,frame_00493.jpg,PHONE,PHONE
494,frame_00494.jpg,PHONE,PHONE
495,frame_00495.jpg,PHONE,PHONE
496,frame_00496.jpg,PHONE,PHONE
497,frame_00497.jpg,PHONE,PHONE
498,frame_00498.jpg,PHONE,PHONE
499,frame_00499.jpg,PHONE,PHONE
500,frame_00500.jpg,PHONE,PHONE
501,frame_00501.jpg,PHONE,PHONE
502,frame_00502.jpg,PHONE,PHONE
503,frame_00503.jpg,PHONE,PHONE
504,frame_00504.jpg,PHONE,PHONE
505,frame_00505.jpg,PHONE,PHONE
506,frame_00506.jpg,PHONE,PHONE
507,frame_00507.jpg,PHONE,PHONE
508,frame_00508.jpg,PHONE,PHONE
509,frame_00509.jpg,PHONE,PHONE
510,frame_00510.jpg,PHONE,PHONE
511,frame_00511.jpg,PHONE,PHONE
512,frame_00512.jpg,PHONE,PHONE
513,frame_00513.jpg,PHONE,PHONE
514,frame_00514.jpg,PHONE,PHONE
515,frame_00515.jpg,PHONE,PHONE
516,frame_00516.jpg,PHONE,PHONE
517,frame_00517.jpg,PHONE,PHONE
518,frame_00518.jpg,PHONE,PHONE
519,frame_00519.jpg,PHONE,PHONE
520,frame_00520.jpg,PHONE,PHONE
521,frame_00521.jpg,PHONE,PHONE
522,frame_00522.jpg,PHONE,PHONE
523,frame_00523.jpg,PHONE,PHONE
524,frame_00524.jpg,PHONE,PHONE
525,frame_00525.jpg,PHONE,PHONE
526,frame_00526.jpg,PHONE,PHONE
527,frame_00527.jpg,PHONE,PHONE
528,frame_00528.jpg,PHONE,PHONE
529,frame_00529.jpg,PHONE,PHONE
530,frame_00530.jpg,PHONE,PHONE
531,frame_00531.jpg,PHONE,PHONE
532,frame_00532.jpg,PHONE,PHONE
533,frame_00533.jpg,PHONE,PHONE
534,frame_00534.jpg,PHONE,PHONE
535,frame_00535.jpg,PHONE,PHONE
536,frame_00536.jpg,PHONE,PHONE
537,frame_00537.jpg,PHONE,PHONE
538,frame_00538.jpg,PHONE,PHONE
539,frame_00539.jpg,PHONE,PHONE
540,frame_00540.jpg,PHONE,PHONE
541,frame_00541.jpg,PHONE,PHONE
542,frame_00542.jpg,PHONE,PHONE
543,frame_00543.jpg,PHONE,PHONE
544,frame_00544.jpg,PHONE,PHONE
545,frame_00545.jpg,PHONE,PHONE
546,frame_00546.jpg,PHONE,PHONE
547,frame_00547.jpg,PHONE,PHONE
548,frame_00548.jpg,PHONE,PHONE
549,frame_00549.jpg,PHONE,PHONE
550,frame_00550.jpg,PHONE,PHONE
551,frame_00551.jpg,PHONE,PHONE
552,frame_00552.jpg,PHONE,PHONE
553,frame_00553.jpg,PHONE,PHONE
554,frame_00554.jpg,PHONE,PHONE
555,frame_00555.jpg,PHONE,PHONE
556,frame_00556.jpg,PHONE,PHONE
557,frame_00557.jpg,PHONE,PHONE
558,frame_00558.jpg,PHONE,PHONE
559,frame_00559.jpg,PHONE,PHONE
560,frame_00560.jpg,PHONE,PHONE
561,frame_00561.jpg,PHONE,PHONE
562,frame_00562.jpg,PHONE,PHONE
563,frame_00563.jpg,PHONE,PHONE
564,frame_00564.jpg,PHONE,PHONE
565,frame_00565.jpg,PHONE,PHONE
566,frame_00566.jpg,PHONE,PHONE
567,frame_00567.jpg,PHONE,PHONE
568,frame_00568.jpg,PHONE,PHONE
569,frame_00569.jpg,PHONE,PHONE
570,frame_00570.jpg,PHONE,PHONE
571,frame_00571.jpg,PHONE,PHONE
572,frame_00572.jpg,PHONE,PHONE
573,frame_00573.jpg,PHONE,PHONE
574,frame_00574.jpg,PHONE,PHONE
575,frame_00575.jpg,PHONE,PHONE
576,frame_00576.jpg,PHONE,PHONE
577,frame_00577.jpg,PHONE,PHONE
578,frame_00578.jpg,PHONE,PHONE
579,frame_00579.jpg,PHONE,PHONE
580,frame_00580.jpg,PHONE,PHONE
581,frame_00581.jpg,PHONE,PHONE
582,frame_00582.jpg,PHONE,PHONE
583,frame_00583.jpg,PHONE,PHONE
584,frame_00584.jpg,PHONE,PHONE
585,frame_00585.jpg,PHONE,PHONE
586,frame_00586.jpg,PHONE,PHONE
587,frame_00587.jpg,PHONE,PHONE
588,frame_00588.jpg,PHONE,PHONE
589,frame_00589.jpg,PHONE,PHONE
590,frame_00590.jpg,PHONE,PHONE
591,frame_00591.jpg,PHONE,PHONE
592,frame_00592.jpg,PHONE,PHONE
593,frame_00593.jpg,PHONE,PHONE
594,frame_00594.jpg,PHONE,PHONE
595,frame_00595.jpg,PHONE,PHONE
596,frame_00596.jpg,PHONE,PHONE
597,frame_00597.jpg,PHONE,PHONE
598,frame_00598.jpg,PHONE,PHONE
599,frame_00599.jpg,PHONE,PHONE
600,frame_00600.jpg,PHONE,PHONE
